,nsdId,human,coco,yolo
0,46002,0.0,0,0.0
28,48617,0.0,0,0.0
35,44980,0.0,0,0.0
44,32625,0.0,0,0.0
55,53052,0.0,0,0.0
56,4930,0.0,0,0.0
120,6431,1.0,1,1.0
126,70335,0.0,0,0.0
132,36576,0.0,0,0.0
152,57046,0.0,0,0.0
166,7659,0.0,1,1.0
173,30373,0.0,1,1.0
176,25959,1.0,1,1.0
201,65414,0.0,0,0.0
231,42171,1.0,1,1.0
232,5602,0.0,0,0.0
245,21601,1.0,1,1.0
246,62302,0.0,0,0.0
249,5301,0.0,0,0.0
250,15492,0.0,1,1.0
255,25287,0.0,0,0.0
267,6558,0.0,1,1.0
281,16723,1.0,1,1.0
305,40575,1.0,1,1.0
345,45595,1.0,1,1.0
356,9917,0.0,0,0.0
359,26598,0.0,0,0.0
373,60305,1.0,1,1.0
402,4786,0.0,1,1.0
433,19181,0.0,0,0.0
440,72080,1.0,1,1.0
448,36067,1.0,1,1.0
468,71753,0.0,0,0.0
497,58144,0.0,0,0.0
504,11942,0.0,0,0.0
519,38817,0.0,0,0.0
523,66489,0.0,0,0.0
527,71232,1.0,1,0.0
574,3626,1.0,1,1.0
600,14528,0.0,0,0.0
628,56042,0.0,0,0.0
633,34238,0.0,0,0.0
666,14121,1.0,1,1.0
685,26351,0.0,0,0.0
701,11159,1.0,1,1.0
731,29837,0.0,1,1.0
747,48681,0.0,0,0.0
752,14594,0.0,0,0.0
760,24480,1.0,1,1.0
762,36974,0.0,0,0.0
780,36910,0.0,0,0.0
781,16702,0.0,0,0.0
802,61748,1.0,1,1.0
808,8006,1.0,1,1.0
827,13138,1.0,1,1.0
838,25454,1.0,1,0.0
869,9230,0.0,0,0.0
880,9048,0.0,0,0.0
897,45999,0.0,0,0.0
900,42851,0.0,0,0.0
907,22515,0.0,0,0.0
913,40840,0.0,0,0.0
925,9027,1.0,1,1.0
943,53891,1.0,1,1.0
950,61873,0.0,0,0.0
993,53858,0.0,0,0.0
996,30847,0.0,0,0.0
998,22782,0.0,0,0.0
1010,30081,0.0,0,0.0
1017,5878,0.0,0,0.0
1028,26435,1.0,1,0.0
1091,51077,0.0,0,0.0
1110,68842,0.0,1,1.0
1119,7336,0.0,0,0.0
1124,3157,0.0,0,0.0
1150,26458,0.0,0,0.0
1158,12796,1.0,1,1.0
1176,26127,0.0,0,0.0
1177,7859,0.0,0,0.0
1185,14793,1.0,1,1.0
1196,8109,1.0,1,1.0
1208,38310,0.0,0,0.0
1224,14644,0.0,0,0.0
1249,16344,0.0,0,0.0
1258,64867,0.0,0,0.0
1261,18796,1.0,1,1.0
1287,67829,1.0,1,1.0
1304,41482,0.0,0,0.0
1319,15939,0.0,0,0.0
1331,21108,1.0,1,1.0
1338,8933,1.0,1,1.0
1346,7207,0.0,0,0.0
1355,62365,1.0,1,1.0
1372,48422,0.0,0,0.0
1390,11837,0.0,0,0.0
1393,7840,0.0,0,0.0
1404,11932,1.0,1,1.0
1424,11617,1.0,1,1.0
1439,60505,0.0,0,0.0
1444,57838,0.0,0,0.0
1461,42299,0.0,0,0.0
1490,9434,1.0,1,1.0
1499,62960,0.0,1,1.0
1511,26163,1.0,1,1.0
1520,46806,0.0,0,0.0
1548,47099,1.0,1,1.0
1567,37224,0.0,0,0.0
1569,19199,0.0,0,0.0
1593,57542,1.0,1,1.0
1633,21989,1.0,1,1.0
1644,44844,1.0,1,0.0
1657,32771,0.0,0,0.0
1671,65821,1.0,1,1.0
1678,33521,0.0,0,0.0
1687,27568,0.0,0,0.0
1700,28024,0.0,0,0.0
1765,32307,1.0,1,1.0
1772,11333,1.0,1,1.0
1783,12685,0.0,0,0.0
1797,3171,1.0,1,1.0
1818,12922,1.0,1,0.0
1863,38494,1.0,1,1.0
1864,50811,0.0,0,0.0
1877,25588,0.0,1,1.0
1936,49076,0.0,0,0.0
1940,69130,0.0,0,0.0
1972,62015,0.0,0,0.0
1982,22967,0.0,0,0.0
1987,47070,0.0,0,0.0
1995,8807,1.0,1,1.0
2002,21279,1.0,1,1.0
2012,56314,1.0,1,1.0
2025,40924,0.0,0,0.0
2049,21553,0.0,0,0.0
2065,13662,0.0,0,0.0
2073,40423,1.0,1,0.0
2103,31747,1.0,1,1.0
2111,28595,1.0,1,1.0
2145,11521,1.0,1,1.0
2150,55857,1.0,1,1.0
2156,9147,0.0,0,0.0
2169,57435,1.0,1,1.0
2197,67204,0.0,0,0.0
2212,25268,0.0,0,0.0
2239,54698,1.0,1,1.0
2285,28751,1.0,1,1.0
2297,16917,0.0,0,0.0
2309,56723,0.0,0,0.0
2325,25284,0.0,0,0.0
2340,22886,1.0,1,1.0
2341,22879,1.0,1,1.0
2361,12308,0.0,0,0.0
2367,25111,0.0,0,0.0
2380,22495,0.0,0,0.0
2435,31801,0.0,1,1.0
2455,53511,1.0,1,1.0
2462,25250,0.0,0,0.0
2465,68339,0.0,0,0.0
2483,21950,1.0,1,1.0
2490,27326,1.0,1,1.0
2501,30856,0.0,0,0.0
2508,44720,1.0,1,1.0
2560,22587,1.0,1,1.0
2577,51745,0.0,0,0.0
2584,65010,1.0,1,1.0
2586,67802,1.0,1,1.0
2615,2950,1.0,1,0.0
2652,48832,1.0,1,1.0
2668,13613,1.0,1,1.0
2682,22263,0.0,0,0.0
2690,51521,0.0,0,0.0
2699,7944,0.0,0,0.0
2709,66004,0.0,0,0.0
2716,23715,1.0,1,1.0
2729,17549,0.0,0,0.0
2747,26720,0.0,0,0.0
2758,3682,0.0,0,0.0
2774,28689,0.0,0,0.0
2813,34068,1.0,1,0.0
2833,34126,1.0,1,1.0
2858,40235,1.0,1,1.0
2874,46861,0.0,0,0.0
2902,59079,1.0,1,1.0
2919,72312,1.0,1,1.0
2924,69214,0.0,0,0.0
2925,72719,0.0,0,0.0
2937,34186,0.0,0,0.0
2938,59046,0.0,0,0.0
2945,46160,0.0,0,0.0
2946,33189,1.0,1,1.0
2950,30632,0.0,0,0.0
2955,47408,1.0,1,1.0
2957,65654,0.0,0,0.0
2967,59585,0.0,0,0.0
2968,10107,1.0,1,1.0
2975,11844,0.0,0,0.0
3017,34975,1.0,1,1.0
3037,42007,0.0,0,0.0
3040,47687,1.0,1,1.0
3048,10507,0.0,0,0.0
3050,48393,1.0,1,1.0
3057,49979,1.0,1,1.0
3075,23036,0.0,0,0.0
3079,7654,0.0,0,0.0
3095,28159,0.0,0,0.0
3130,6521,0.0,0,0.0
3179,69007,1.0,1,1.0
3211,52527,0.0,0,0.0
3216,44107,1.0,1,1.0
3235,56867,1.0,1,1.0
3257,36978,0.0,0,0.0
3269,3449,1.0,1,1.0
3297,62209,0.0,1,1.0
3332,53070,1.0,1,1.0
3379,24202,0.0,0,0.0
3553,29663,0.0,0,0.0
3588,38829,0.0,0,0.0
3597,16466,1.0,1,0.0
3601,19933,1.0,1,1.0
3628,47321,1.0,1,1.0
3640,38641,0.0,0,0.0
3655,47290,0.0,0,0.0
3667,45213,1.0,1,1.0
3700,50026,1.0,1,1.0
3724,29886,0.0,0,0.0
3755,45981,0.0,0,0.0
3763,19436,1.0,1,1.0
3766,5542,1.0,1,1.0
3796,39369,0.0,0,0.0
3797,43157,0.0,0,0.0
3801,50734,0.0,1,1.0
3811,63345,1.0,1,1.0
3821,46150,1.0,1,1.0
3826,31964,0.0,0,0.0
3829,16823,1.0,1,1.0
3856,44097,0.0,0,0.0
3863,33543,0.0,0,0.0
3875,9847,1.0,1,1.0
3876,61809,0.0,0,0.0
3903,26307,1.0,1,0.0
3906,42126,0.0,0,0.0
3925,62561,0.0,0,0.0
3936,51171,0.0,0,0.0
3979,56454,0.0,0,0.0
3986,53728,0.0,0,0.0
3988,23729,1.0,1,1.0
3996,20633,0.0,0,0.0
4032,10610,1.0,1,1.0
4051,10471,1.0,1,1.0
4057,28286,0.0,0,0.0
4073,41056,0.0,0,0.0
4079,61797,1.0,1,1.0
4089,11566,0.0,0,0.0
4093,54257,0.0,0,0.0
4115,21508,0.0,0,0.0
4170,18505,1.0,1,1.0
4179,43428,0.0,0,0.0
4185,12075,0.0,1,1.0
4189,11689,0.0,0,0.0
4214,50114,0.0,0,0.0
4220,53727,0.0,1,1.0
4222,10064,0.0,0,0.0
4258,18483,0.0,0,0.0
4266,53773,0.0,0,0.0
4280,41116,1.0,1,1.0
4288,3077,1.0,1,1.0
4290,30954,1.0,1,1.0
4316,19292,0.0,0,0.0
4324,15819,0.0,0,0.0
4334,28096,0.0,0,0.0
4343,59631,0.0,0,0.0
4347,58096,0.0,0,0.0
4355,9722,1.0,1,1.0
4375,72015,0.0,0,0.0
4406,44736,1.0,1,1.0
4471,48260,0.0,0,0.0
4479,27275,0.0,0,0.0
4481,34874,1.0,1,1.0
4525,37801,0.0,0,0.0
4542,37221,0.0,0,0.0
4546,31028,1.0,1,1.0
4551,30395,0.0,0,0.0
4648,28487,0.0,0,0.0
4675,3951,0.0,0,0.0
4679,8415,0.0,0,0.0
4687,31123,0.0,0,0.0
4746,21253,0.0,0,0.0
4762,62228,1.0,1,1.0
4767,55649,0.0,0,0.0
4770,63081,0.0,0,0.0
4824,71241,0.0,0,0.0
4834,42563,0.0,0,0.0
4879,51051,0.0,0,0.0
4894,34850,1.0,1,1.0
4923,43984,1.0,1,1.0
4951,44705,1.0,1,1.0
4958,17794,1.0,1,1.0
4961,28524,0.0,0,0.0
4964,4249,0.0,0,0.0
4970,34829,1.0,1,1.0
4981,38853,0.0,0,0.0
5000,8262,1.0,1,1.0
5025,51185,0.0,0,0.0
5052,10600,0.0,0,0.0
5066,38978,0.0,0,0.0
5088,64096,1.0,1,1.0
5090,38060,0.0,0,0.0
5120,36682,0.0,0,0.0
5124,44184,0.0,0,0.0
5131,36731,0.0,0,0.0
5197,66216,0.0,0,0.0
5244,10244,0.0,0,0.0
5247,41778,0.0,0,0.0
5266,50653,0.0,0,0.0
5276,52596,1.0,1,1.0
5307,54683,1.0,1,0.0
5335,43445,1.0,1,1.0
5350,41097,0.0,0,0.0
5408,18434,0.0,0,0.0
5413,38794,1.0,1,1.0
5457,70075,1.0,1,1.0
5477,45632,0.0,0,0.0
5483,67363,1.0,0,0.0
5519,56269,0.0,0,0.0
5523,27580,0.0,0,0.0
5539,36945,0.0,0,0.0
5545,49234,0.0,0,0.0
5590,61677,1.0,1,1.0
5639,15025,1.0,1,1.0
5644,66479,0.0,0,0.0
5655,55678,1.0,1,1.0
5661,72209,1.0,1,1.0
5663,15793,1.0,1,1.0
5735,40153,1.0,1,1.0
5747,58404,0.0,0,0.0
5762,20307,1.0,1,0.0
5780,15506,0.0,0,0.0
5823,32053,0.0,0,0.0
5828,30430,1.0,0,0.0
5841,24264,1.0,1,1.0
5848,28068,0.0,0,0.0
5876,20820,1.0,1,1.0
5916,33813,1.0,1,1.0
5924,12634,0.0,0,0.0
5945,24317,0.0,0,0.0
5954,18543,0.0,1,1.0
5975,22873,1.0,1,1.0
6033,4835,0.0,1,1.0
6034,48157,0.0,0,0.0
6063,36476,0.0,0,0.0
6088,28418,1.0,1,1.0
6089,70232,1.0,1,0.0
6094,4436,0.0,0,0.0
6104,46380,1.0,1,1.0
6169,49944,0.0,1,1.0
6243,24517,1.0,1,1.0
6247,61738,0.0,0,0.0
6258,29568,0.0,0,0.0
6266,59039,0.0,0,0.0
6271,55005,0.0,0,0.0
6281,27435,0.0,0,0.0
6291,26292,0.0,0,0.0
6294,31233,0.0,0,0.0
6298,3049,1.0,1,1.0
6310,40846,0.0,0,0.0
6335,20054,1.0,1,1.0
6429,29919,1.0,1,1.0
6458,66330,0.0,0,0.0
6467,34089,0.0,0,0.0
6485,53157,1.0,1,1.0
6511,21192,1.0,1,1.0
6540,3847,0.0,0,0.0
6570,17230,0.0,1,1.0
6646,69785,0.0,0,0.0
6692,33289,0.0,1,1.0
6740,60186,0.0,1,1.0
6756,60845,0.0,0,0.0
6816,20738,0.0,0,0.0
6818,66580,1.0,1,1.0
6867,25319,0.0,0,0.0
6869,33131,1.0,1,1.0
6874,8394,0.0,0,0.0
6882,28745,0.0,0,0.0
6892,72605,0.0,0,0.0
6915,40770,0.0,0,0.0
6916,66278,0.0,0,0.0
6927,56154,0.0,0,0.0
6949,65267,0.0,0,0.0
6952,72257,0.0,0,0.0
6981,3489,0.0,0,0.0
6988,21526,1.0,1,1.0
6997,52652,0.0,0,0.0
7032,3913,1.0,1,1.0
7069,24214,0.0,0,0.0
7086,43619,0.0,0,0.0
7098,45843,0.0,0,0.0
7145,30922,0.0,1,1.0
7161,38022,0.0,0,0.0
7174,46460,0.0,0,0.0
7189,11796,0.0,0,0.0
7222,18690,0.0,0,0.0
7224,20442,1.0,1,1.0
7238,67113,0.0,0,0.0
7251,54078,0.0,0,0.0
7266,39298,0.0,0,0.0
7271,66836,0.0,0,0.0
7311,26780,1.0,1,1.0
7314,66976,0.0,1,1.0
7329,43950,1.0,1,1.0
7335,48839,0.0,0,0.0
7401,59419,1.0,1,1.0
7425,45837,1.0,1,1.0
7429,41566,0.0,0,0.0
7446,49957,1.0,1,1.0
7456,30601,0.0,0,0.0
7473,51983,1.0,1,1.0
7504,52394,0.0,0,0.0
7513,55408,0.0,0,0.0
7535,46642,0.0,0,0.0
7577,26119,1.0,1,1.0
7586,51907,1.0,1,1.0
7629,16063,1.0,1,1.0
7630,65799,0.0,0,0.0
7644,62006,0.0,0,0.0
7684,70427,1.0,1,1.0
7709,39997,0.0,0,0.0
7711,13230,0.0,0,0.0
7717,45982,0.0,0,0.0
7736,3181,0.0,0,0.0
7783,56751,0.0,0,0.0
7787,50755,0.0,0,0.0
7813,39402,0.0,0,0.0
7814,36759,1.0,1,1.0
7825,54812,1.0,1,1.0
7840,42224,0.0,0,0.0
7845,54643,0.0,1,1.0
7883,28349,1.0,1,1.0
7895,60094,0.0,0,0.0
7901,47600,1.0,1,1.0
7934,31936,0.0,0,0.0
7948,52554,0.0,0,0.0
7950,54361,0.0,0,0.0
7968,53152,0.0,0,0.0
8006,57650,0.0,0,0.0
8012,70095,1.0,1,1.0
8023,67295,1.0,1,0.0
8051,13720,0.0,1,1.0
8059,71229,0.0,1,1.0
8086,3146,0.0,0,0.0
8136,3856,1.0,1,1.0
8149,55933,1.0,1,1.0
8165,19200,0.0,0,0.0
8174,5714,0.0,0,0.0
8202,57553,0.0,0,0.0
8214,41137,0.0,0,0.0
8220,65376,0.0,0,0.0
8231,55526,0.0,1,1.0
8241,52070,0.0,0,0.0
8242,37608,1.0,1,1.0
8261,49156,1.0,1,1.0
8269,34080,1.0,1,1.0
8287,17776,1.0,1,1.0
8296,44369,1.0,1,1.0
8350,22505,1.0,1,1.0
8357,6444,1.0,1,1.0
8369,47293,1.0,1,1.0
8385,24787,1.0,1,1.0
8408,22143,0.0,0,0.0
8432,71186,0.0,1,1.0
8439,38025,1.0,1,1.0
8441,20080,0.0,0,0.0
8459,35798,0.0,0,0.0
8485,16252,0.0,0,0.0
8489,55968,0.0,0,0.0
8504,13312,0.0,0,0.0
8506,59595,1.0,1,1.0
8635,59194,0.0,1,1.0
8643,48679,1.0,1,1.0
8648,38486,0.0,0,0.0
8649,69240,0.0,0,0.0
8656,31782,0.0,1,1.0
8664,35743,0.0,0,0.0
8685,40721,0.0,0,0.0
8696,31837,0.0,0,0.0
8700,14820,1.0,1,0.0
8716,58187,1.0,1,1.0
8728,36569,1.0,1,1.0
8738,67742,1.0,1,1.0
8784,6801,1.0,1,1.0
8793,4892,1.0,1,1.0
8822,17374,0.0,0,0.0
8832,27878,0.0,0,0.0
8867,33245,0.0,0,0.0
8875,39841,1.0,1,1.0
8890,35752,0.0,0,0.0
8993,10907,0.0,0,0.0
9012,28341,0.0,0,0.0
9015,60834,0.0,0,0.0
9018,69614,1.0,1,1.0
9041,51062,1.0,1,1.0
9097,65253,0.0,0,0.0
9143,7366,0.0,1,0.0
9144,57060,1.0,1,0.0
9154,37436,1.0,1,0.0
9196,24846,0.0,0,0.0
9198,49969,0.0,1,1.0
9204,55669,1.0,1,1.0
9206,27830,1.0,1,1.0
9245,30407,0.0,1,1.0
9320,61801,0.0,0,0.0
9349,41927,0.0,0,0.0
9375,19690,0.0,0,0.0
9442,49955,1.0,1,1.0
9483,22530,1.0,1,1.0
9489,8843,0.0,0,0.0
9518,14898,0.0,0,0.0
9547,57648,1.0,1,1.0
9554,42214,0.0,0,0.0
9581,25906,0.0,0,0.0
9591,11952,0.0,0,0.0
9615,27972,1.0,1,1.0
9646,13314,1.0,1,1.0
9657,55969,0.0,0,0.0
9662,20650,1.0,1,1.0
9686,64295,1.0,1,1.0
9691,56126,1.0,1,1.0
9694,17238,0.0,0,0.0
9734,49466,0.0,0,0.0
9739,32910,0.0,0,0.0
9744,61513,1.0,1,1.0
9759,44052,0.0,0,0.0
9762,35986,0.0,0,0.0
9791,56850,1.0,1,1.0
9818,52302,0.0,0,0.0
9820,47614,0.0,0,0.0
9830,43820,0.0,0,0.0
9840,4690,0.0,0,0.0
9847,54959,1.0,1,1.0
9887,26372,1.0,1,1.0
9898,12798,0.0,0,0.0
9951,50170,1.0,1,1.0
9987,64687,1.0,1,1.0
10023,7039,0.0,0,0.0
10057,56911,0.0,0,0.0
10166,51965,0.0,0,0.0
10187,39289,0.0,0,0.0
10249,38246,0.0,0,0.0
10272,28898,1.0,1,1.0
10299,4058,0.0,0,0.0
10309,26895,0.0,0,0.0
10320,42912,1.0,1,1.0
10322,48622,0.0,0,0.0
10339,31659,1.0,1,1.0
10351,62275,0.0,0,0.0
10366,17595,0.0,1,1.0
10386,29381,0.0,0,0.0
10403,45945,1.0,1,1.0
10405,15003,0.0,0,0.0
10419,60553,0.0,0,0.0
10430,56066,0.0,0,0.0
10453,65445,0.0,0,0.0
10455,10046,1.0,1,1.0
10480,66773,1.0,1,1.0
10488,71894,0.0,0,0.0
10496,25693,1.0,1,1.0
10504,30887,0.0,0,0.0
10544,22523,1.0,1,1.0
10635,4423,1.0,1,1.0
10677,61177,0.0,1,1.0
10678,37059,0.0,0,0.0
10723,68858,1.0,1,1.0
10729,42781,0.0,0,0.0
10730,68168,0.0,0,0.0
10736,24640,1.0,1,1.0
10770,35790,1.0,1,1.0
10828,70758,0.0,0,0.0
10848,71410,0.0,0,0.0
10890,43689,1.0,1,1.0
10900,18268,1.0,1,1.0
10908,25581,1.0,1,1.0
10918,17485,0.0,0,0.0
11003,9978,1.0,1,1.0
11018,40979,1.0,1,1.0
11048,64483,0.0,0,0.0
11074,17463,0.0,0,0.0
11083,7418,1.0,1,1.0
11094,7409,0.0,0,0.0
11121,48508,0.0,0,0.0
11126,72948,0.0,0,0.0
11129,9462,0.0,0,0.0
11130,5459,0.0,0,0.0
11140,56681,0.0,0,0.0
11146,70505,1.0,1,1.0
11147,28319,1.0,1,1.0
11149,25602,1.0,1,0.0
11161,14931,0.0,0,0.0
11162,49731,0.0,0,0.0
11170,8387,1.0,1,1.0
11175,67252,0.0,1,1.0
11187,32232,0.0,0,0.0
11244,59284,1.0,1,1.0
11248,62479,1.0,1,1.0
11304,43746,0.0,0,0.0
11315,5204,0.0,0,0.0
11351,21218,1.0,1,1.0
11467,6713,1.0,1,1.0
11473,37736,0.0,0,0.0
11485,53270,1.0,1,1.0
11486,16841,1.0,1,1.0
11556,43818,0.0,0,0.0
11568,3386,1.0,1,1.0
11588,31049,0.0,0,0.0
11591,3164,0.0,0,0.0
11609,72170,0.0,0,0.0
11610,32303,0.0,0,0.0
11616,69854,1.0,1,1.0
11646,13846,1.0,1,1.0
11681,46321,0.0,0,0.0
11684,51988,1.0,1,1.0
11696,22794,0.0,0,0.0
11698,20206,0.0,1,1.0
11726,53155,1.0,1,1.0
11744,26990,1.0,1,1.0
11757,65920,0.0,0,0.0
11800,21194,0.0,0,0.0
11816,22387,0.0,0,0.0
11865,33171,0.0,0,0.0
11889,38297,0.0,0,0.0
11933,43159,0.0,0,0.0
11939,23871,1.0,1,1.0
11948,53881,0.0,0,0.0
11976,60251,1.0,1,1.0
11977,8509,0.0,0,0.0
11999,53570,1.0,1,1.0
12008,61510,1.0,1,1.0
12046,61216,0.0,0,0.0
12098,3809,0.0,0,0.0
12109,17048,0.0,0,0.0
12154,40935,0.0,0,0.0
12165,54743,0.0,0,0.0
12196,27287,1.0,1,1.0
12197,59023,0.0,0,0.0
12226,14808,0.0,0,0.0
12244,37494,1.0,1,1.0
12251,58681,0.0,0,0.0
12255,57822,0.0,0,0.0
12363,25371,1.0,1,1.0
12375,42473,0.0,0,0.0
12382,55405,1.0,1,1.0
12410,48374,0.0,0,0.0
12415,45750,1.0,1,1.0
12420,32891,0.0,0,0.0
12432,49480,1.0,1,1.0
12433,68023,0.0,0,0.0
12439,52328,0.0,0,0.0
12487,68741,0.0,1,0.0
12510,24739,0.0,0,0.0
12605,47598,0.0,0,0.0
12610,5034,1.0,1,1.0
12702,19074,0.0,0,0.0
12761,68278,0.0,0,0.0
12764,71928,1.0,1,1.0
12772,68418,1.0,1,1.0
12795,6489,0.0,0,0.0
12820,7007,0.0,0,0.0
12821,32716,0.0,0,0.0
12837,69502,1.0,1,1.0
12840,25091,1.0,1,1.0
12868,42642,0.0,0,0.0
12888,61972,0.0,0,0.0
12902,11635,1.0,1,1.0
12959,23492,1.0,1,1.0
13023,63825,0.0,1,1.0
13040,17450,0.0,0,0.0
13118,24649,0.0,0,0.0
13165,65769,1.0,1,1.0
13166,51928,1.0,1,1.0
13167,44138,0.0,0,0.0
13228,35129,0.0,0,0.0
13249,68814,0.0,0,0.0
13272,12487,0.0,0,0.0
13280,3687,0.0,0,0.0
13294,10006,1.0,1,0.0
13340,13653,1.0,1,1.0
13404,31064,1.0,1,1.0
13435,7120,1.0,1,1.0
13440,71450,1.0,1,0.0
13449,46523,0.0,0,0.0
13456,65148,1.0,1,1.0
13506,46462,1.0,1,1.0
13542,6514,1.0,1,1.0
13543,9804,0.0,0,0.0
13560,44144,0.0,0,0.0
13587,52931,0.0,0,0.0
13605,10105,0.0,0,0.0
13632,38358,0.0,0,0.0
13633,7954,0.0,0,0.0
13650,64004,1.0,1,1.0
13763,68471,0.0,0,0.0
13769,48530,1.0,1,1.0
13808,22957,0.0,0,0.0
13823,8435,0.0,0,0.0
13839,70038,1.0,1,1.0
13861,14443,0.0,0,0.0
13884,5583,1.0,1,1.0
13889,63931,0.0,0,0.0
13891,64498,0.0,0,0.0
13905,64621,0.0,0,0.0
13911,4869,0.0,0,0.0
13937,14165,0.0,0,0.0
13940,11725,0.0,0,0.0
13955,15364,0.0,0,0.0
13971,69839,0.0,0,0.0
14072,27242,0.0,0,0.0
14098,43675,0.0,0,0.0
14112,43164,1.0,1,1.0
14114,21197,1.0,1,1.0
14200,22993,1.0,1,0.0
14251,68897,1.0,1,1.0
14266,66946,0.0,0,0.0
14280,30672,0.0,0,0.0
14284,6222,0.0,0,0.0
14320,67045,0.0,0,0.0
14372,20265,0.0,1,1.0
14388,70589,0.0,0,0.0
14394,54389,0.0,0,0.0
14420,4667,0.0,0,0.0
14459,14179,1.0,1,1.0
14511,43107,0.0,0,0.0
14523,6199,0.0,0,0.0
14535,28325,1.0,1,1.0
14589,32643,0.0,0,0.0
14610,15128,0.0,1,1.0
14625,58164,0.0,1,1.0
14746,59699,1.0,1,1.0
14748,60725,1.0,1,1.0
14757,53370,1.0,1,0.0
14772,69918,1.0,1,1.0
14773,7480,1.0,1,1.0
14806,56290,1.0,1,1.0
14816,69831,1.0,1,1.0
14847,34845,0.0,0,0.0
14876,25570,0.0,0,0.0
14887,25318,0.0,0,0.0
14939,62683,0.0,0,0.0
14967,42980,0.0,0,0.0
14972,30563,0.0,0,0.0
14984,44971,0.0,0,0.0
15104,43852,1.0,1,1.0
15142,44412,0.0,0,0.0
15147,25702,0.0,0,0.0
15156,20223,1.0,1,1.0
15179,24560,0.0,0,0.0
15228,65943,1.0,1,1.0
15241,57478,1.0,1,1.0
15291,25746,1.0,1,0.0
15297,34603,1.0,1,1.0
15377,46372,0.0,0,0.0
15392,41653,0.0,1,1.0
15409,8646,0.0,0,0.0
15420,64615,1.0,1,1.0
15466,17942,0.0,0,0.0
15470,40909,0.0,0,0.0
15479,22585,0.0,0,0.0
15573,17934,1.0,1,1.0
15584,56418,1.0,1,0.0
15597,41710,1.0,1,1.0
15629,57906,0.0,0,0.0
15640,24638,0.0,0,0.0
15707,34418,1.0,1,1.0
15723,55163,0.0,0,0.0
15725,46835,0.0,0,0.0
15837,61133,0.0,0,0.0
15978,32772,0.0,0,0.0
15981,14610,0.0,0,0.0
16011,41814,0.0,0,0.0
16086,33906,1.0,1,1.0
16124,65639,0.0,0,0.0
16273,28755,0.0,0,0.0
16298,26909,1.0,1,1.0
16359,55680,0.0,0,0.0
16412,57681,0.0,1,1.0
16428,28189,0.0,0,0.0
16445,36623,1.0,1,1.0
16453,62544,1.0,1,1.0
16459,29711,0.0,0,0.0
16501,22138,0.0,0,0.0
16508,59994,1.0,1,0.0
16539,8204,0.0,0,0.0
16544,45129,1.0,1,1.0
16616,24740,0.0,0,0.0
16657,65187,0.0,0,0.0
16668,46136,0.0,0,0.0
16771,42946,0.0,0,0.0
16775,4051,1.0,1,1.0
16790,67237,0.0,1,1.0
16842,56471,0.0,0,0.0
16852,22155,1.0,1,1.0
16893,9865,0.0,0,0.0
16895,8465,1.0,1,1.0
16899,25741,0.0,0,0.0
16905,11487,1.0,1,1.0
16911,51052,0.0,0,0.0
16961,36258,0.0,0,0.0
17056,48618,0.0,0,0.0
17060,17369,1.0,1,0.0
17073,40548,1.0,1,1.0
17285,43465,1.0,1,1.0
17305,56784,1.0,1,1.0
17306,47033,0.0,0,0.0
17330,22772,0.0,1,1.0
17392,4156,0.0,0,0.0
17432,25059,0.0,1,1.0
17434,24530,0.0,0,0.0
17439,51148,1.0,1,1.0
17506,46036,1.0,1,1.0
17545,38483,0.0,0,0.0
17547,63746,0.0,0,0.0
17579,4129,1.0,1,1.0
17683,70193,1.0,1,1.0
17779,63182,0.0,0,0.0
17802,3842,1.0,1,1.0
17908,25881,0.0,0,0.0
17911,3729,1.0,1,1.0
17947,43250,0.0,0,0.0
17976,3434,0.0,0,0.0
18027,4768,0.0,0,0.0
18045,8225,1.0,1,1.0
18050,39509,0.0,0,0.0
18114,56948,1.0,1,1.0
18147,51788,0.0,0,0.0
18191,25578,1.0,1,1.0
18265,7948,0.0,1,1.0
18349,55107,1.0,1,1.0
18391,70360,0.0,0,0.0
18457,2990,1.0,1,1.0
18524,26971,1.0,1,1.0
18591,42648,0.0,0,0.0
18618,72510,0.0,0,0.0
18649,22809,0.0,0,0.0
18672,23241,1.0,1,1.0
18704,42697,0.0,0,0.0
18750,65872,0.0,0,0.0
18775,5338,1.0,1,1.0
18793,39058,0.0,0,0.0
18819,63944,1.0,1,1.0
18902,64880,1.0,1,1.0
18934,16616,0.0,0,0.0
18957,39553,1.0,1,1.0
19095,42166,1.0,1,1.0
19174,49622,1.0,1,1.0
19240,29021,1.0,1,1.0
19244,29980,0.0,0,0.0
19248,50882,0.0,0,0.0
19325,66421,1.0,1,1.0
19344,46274,0.0,0,0.0
19403,50500,0.0,0,0.0
19480,22845,0.0,0,0.0
19523,41162,0.0,1,1.0
19569,60867,0.0,0,0.0
19657,70764,1.0,1,1.0
19660,43500,0.0,0,0.0
19909,66464,1.0,1,1.0
20002,20702,1.0,1,1.0
20012,8925,1.0,1,1.0
20015,43224,1.0,1,1.0
20044,14110,0.0,0,0.0
20070,45356,0.0,0,0.0
20082,5106,0.0,0,0.0
20122,59817,0.0,0,0.0
20180,52892,1.0,1,1.0
20206,66342,0.0,1,1.0
20273,41934,0.0,0,0.0
20308,34751,0.0,1,1.0
20314,48802,0.0,0,0.0
20423,51843,0.0,0,0.0
20538,46661,0.0,0,0.0
20590,4612,1.0,1,1.0
20640,69813,0.0,0,0.0
20653,44324,1.0,1,0.0
20787,54913,0.0,0,0.0
20789,65069,1.0,1,0.0
20924,23993,1.0,1,1.0
20939,67168,0.0,0,0.0
21048,65232,0.0,0,0.0
21108,68311,0.0,0,0.0
21170,8631,1.0,1,1.0
21214,61122,0.0,0,0.0
21261,36629,0.0,0,0.0
21280,14567,1.0,1,1.0
21525,60978,1.0,1,1.0
21625,25205,1.0,1,1.0
21697,65686,0.0,0,0.0
21705,61752,0.0,0,0.0
21753,4325,0.0,0,0.0
21935,43288,0.0,0,0.0
21957,8274,0.0,0,0.0
21959,37927,0.0,1,1.0
21999,12937,0.0,0,0.0
22140,59420,1.0,1,1.0
22248,52216,1.0,1,0.0
22270,48379,0.0,0,0.0
22302,28788,0.0,0,0.0
22330,63449,1.0,1,1.0
22349,28303,1.0,1,1.0
22433,70947,1.0,1,1.0
22477,23876,0.0,1,1.0
22521,57443,0.0,0,0.0
22615,43156,1.0,1,1.0
22632,40920,0.0,0,0.0
22659,44339,0.0,1,1.0
22707,23883,0.0,0,0.0
22799,19642,1.0,1,1.0
22815,66643,0.0,0,0.0
22950,16655,0.0,0,0.0
22975,16865,1.0,1,1.0
23087,11827,0.0,0,0.0
23088,39547,1.0,1,1.0
23098,5574,0.0,0,0.0
23100,28963,0.0,0,0.0
23283,45746,0.0,0,0.0
23471,21703,1.0,1,1.0
23499,70671,0.0,1,1.0
23524,38278,1.0,1,1.0
23648,30674,0.0,0,0.0
23710,71025,0.0,0,0.0
23713,44729,0.0,0,0.0
23737,52375,1.0,1,1.0
23852,20064,0.0,0,0.0
23964,63781,0.0,0,0.0
24153,5285,0.0,0,0.0
24170,63922,1.0,1,1.0
24200,12065,0.0,1,1.0
24203,31446,0.0,0,0.0
24315,58668,0.0,1,1.0
24359,41623,0.0,0,0.0
24454,26243,1.0,1,1.0
24497,19573,0.0,1,1.0
24543,42238,1.0,1,1.0
24642,12214,0.0,0,0.0
24648,66214,0.0,0,0.0
24976,60456,0.0,0,0.0
24979,20777,0.0,0,0.0
25045,46101,1.0,1,1.0
25060,41574,0.0,0,0.0
25067,69025,0.0,0,0.0
25127,47656,0.0,0,0.0
25182,35094,0.0,0,0.0
25189,6524,1.0,1,1.0
25264,64979,0.0,0,0.0
25305,31349,0.0,0,0.0
25366,69030,1.0,1,1.0
25420,54147,1.0,1,1.0
25570,52598,1.0,1,1.0
25639,5502,0.0,1,1.0
25719,64893,0.0,0,0.0
25771,25711,1.0,1,1.0
26065,70585,0.0,0,0.0
26129,10586,0.0,0,0.0
26160,69442,0.0,0,0.0
26217,56670,0.0,0,0.0
26252,70368,1.0,1,1.0
26287,62748,1.0,1,1.0
26316,29010,0.0,0,0.0
26380,16868,0.0,0,0.0
26388,56782,0.0,0,0.0
26503,60519,0.0,0,0.0
26511,16421,0.0,0,0.0
26600,49152,0.0,0,0.0
26796,33752,0.0,0,0.0
26857,56695,1.0,1,1.0
26893,6132,0.0,0,0.0
26918,69616,0.0,0,0.0
27001,47200,1.0,1,1.0
27064,16635,0.0,1,1.0
27077,10393,0.0,0,0.0
27145,29680,0.0,1,1.0
27161,19672,1.0,1,1.0
27396,18535,0.0,0,0.0
27557,21318,0.0,0,0.0
27674,32857,1.0,1,1.0
27730,30935,1.0,1,1.0
27806,60119,1.0,1,0.0
27896,54824,0.0,0,0.0
27953,29660,0.0,0,0.0
27989,5427,0.0,1,1.0
28047,6640,1.0,1,1.0
28402,8318,0.0,0,0.0
28598,5890,0.0,0,0.0
28811,64771,1.0,1,0.0
28930,59091,0.0,0,0.0
29103,49923,1.0,1,1.0
29120,39095,0.0,0,0.0
29128,9680,0.0,0,0.0
29197,52990,0.0,0,0.0
29409,46480,0.0,0,0.0
29467,43429,0.0,1,1.0
29518,39047,1.0,1,1.0
29546,53489,0.0,0,0.0
29718,12495,1.0,1,1.0
